,ARI,AMI,HOM,SIL,CH,DBI
DPLC_151707,0.387122581465803,0.5982666645070239,0.6209793029785233,-0.015609664,5.180957317727199,22.878824220201977
DPLC_151708,0.4828783562953682,0.636918918717942,0.6366109043438223,-0.0172139890491962,5.68333743073092,23.988642552454312
DPLC_151709,0.4632326264457634,0.6387344677610566,0.6487113907742997,-0.0127064501866698,7.917159293151638,19.051256055598977
HBCA1,0.5457695539733923,0.6611862558064903,0.6560882684256093,-0.0654762089252471,8.36317125007138,10.964339992519776
MSC,0.1529336833914287,0.2794453793009628,0.4008542235510611,0.0238987449556589,105.05334170472187,4.544977998714982
MSC,0.1529336833914287,0.2794453793009628,0.4008542235510611,0.0238987449556589,105.05334170472187,4.544977998714982
DPLC_151708,0.49956809280914904,0.6468756960056996,0.6498194847348444,-0.017549648880958557,5.695754842884243,24.149200318534525
