,n_genes_by_counts,log1p_n_genes_by_counts,total_counts,log1p_total_counts,pct_counts_in_top_1_pct_genes,pct_counts_in_top_5_pct_genes,pct_counts_in_top_10_pct_genes,pct_counts_in_top_20_pct_genes,total_counts_mt,log1p_total_counts_mt,pct_counts_mt,total_counts_ribo,log1p_total_counts_ribo,pct_counts_ribo,total_counts_hb,log1p_total_counts_hb,pct_counts_hb,means,variances,variances_norm,n_cells_by_counts,mean_counts,log1p_mean_counts,pct_dropout_by_counts,total_counts_genes,log1p_total_counts_genes
MSC,23.0,3.1780538303479453,5328.0,8.58091926574707,20.125708136114632,33.299927426809816,51.22679862174186,68.54919112838425,0.0,0.0,0.0,0.0,0.0,0.0,0.0,0.0,0.0,159.73353151241398,59376.83850790236,0.9915103634045638,3379.0,159.73355102539062,5.079748153686523,30.17152304195082,772950.625,13.557971954345703
DPLC_151708,169.0,5.135798437050261,548.0,6.308098316192627,60.87411315262871,87.64466762314682,100.0,100.0,249.0,5.521461009979248,44.18408584594727,0.0,0.0,0.0,0.0,0.0,0.0,0.0204151459854014,0.0235060789780022,1.0967977425516982,82.5,0.0204151459038257,0.0202095434069633,98.11815693430655,89.5,4.505334854125977
DPLC_151709,195.0,5.278114659230517,437.0,6.082219123840332,40.76086956521739,78.57142857142857,100.0,100.0,55.0,4.025351524353027,12.554743766784668,0.0,0.0,0.0,0.0,0.0,0.0,0.0261014825642096,0.0300093346053935,1.1097066476747075,115.0,0.0261014830321073,0.0257666539400815,97.59866360409272,125.0,4.836281776428223
HBCA1,685.0,6.530877627725885,3327.5,8.11027717590332,30.094784760403275,60.565675316491046,76.10025660823476,90.83946954716336,0.0,0.0,0.0,83.0,4.430816650390625,2.6077513694763184,1.0,0.6931471824645996,0.011348806321620941,0.3113480779357557,0.5114743381980424,1.2435548860520695,835.0,0.3113480806350708,0.271055668592453,78.01474460242233,1182.5,7.076231479644775
